"Group.1","Overall_Literacy....","Fem_Literacy....","SC_Enrol...","ST_Enrol...","OBC_Enrol....","Muslim_Enrol....","Girl_.Boy_Ratio","RTE_Score","SC_Tch....","ST_Tch....","Gender_ratio_Tch","Med_Instr_Non_Eng...","Med_Instr_Eng...","Pvt_School....","Not_In_School...","X3to5_Can_read_1text...","X3to5_Can_Subtract....","z_Overall_Literacy....","z_Fem_Literacy....","z_SC_Enrol...","z_ST_Enrol...","z_OBC_Enrol....","z_Muslim_Enrol....","z_Girl_.Boy_Ratio","z_RTE_Score","z_SC_Tch....","z_ST_Tch....","z_Gender_ratio_Tch","z_Med_Instr_Non_Eng...","z_Med_Instr_Eng...","z_Pvt_School....","z_Not_In_School...","z_X3to5_Can_read_1text...","z_X3to5_Can_Subtract...."
1,74.7142857142857,67.1428571428571,19.2571428571429,6.4,68.5,12.4714285714286,0.942857142857143,8.54,12.7428571428571,4.44285714285714,1.70605006485714,82.5571428571429,16.9142857142857,29.4142857142857,0.657142857142857,58.6285714285714,48.7571428571429,0.178685889608923,0.186534707161799,-0.0609415749351529,-0.405601305179944,0.508088879863983,-0.299007023913061,0.211621019132256,0.2535044591905,-0.217625682316039,-0.373244064252853,0.278138900258968,-0.436329794431646,0.50350936194604,0.328201619054272,-0.644053567642905,0.218937272394467,0.489249576302659
2,69.8352941176471,61.0823529411765,21.8176470588235,11.2705882352941,56.6882352941176,14.6823529411765,0.935294117647059,8.36058823529412,15.8235294117647,6,1.14458335905882,88.9470588235294,9.76470588235294,22.9058823529412,2.38235294117647,50.1588235294118,33.8411764705882,-0.434751932330375,-0.444626894686967,0.33109252421998,0.430748934406215,-0.527871612161208,0.0774295228659611,-0.199645443961707,-0.276201881830046,0.346627970736038,0.394371086757731,-0.388883097973674,0.410828529426959,-0.464790249833244,-0.323763363192403,0.461627437453855,-0.584545611470825,-0.637304748912253
3,83.06,77.36,12.86,3.54,75.06,15.14,0.946,8.652,9.16,3.54,2.2571187622,79.92,19.66,32.54,0.62,74.04,61.9,1.22799632447078,1.25058285190917,-1.04039637743872,-0.896704549729208,1.08343904953853,0.155349455734017,0.382525082684635,0.58418015535546,-0.873859145260074,-0.818320005022292,0.932808072747934,-0.78595528784736,0.875373742708574,0.641313168178189,-0.66785829264304,1.68094289764855,1.48188673947794
